age,sex,DR,f,i,prev,r,,,age,sex,DR,f,i,prev,r,,,DR,f,i,prev
0,female,0.190809555,0.20338568,0,0,0,,,0,female,0.080695067,3.45576E-07,0.000143305,0.000430212,0,,,2.364575219,588540.6766,0,0
0,male,0.134916409,0.230799206,0,0,0,,,0,male,0.062511317,2.63529E-07,0.000137899,0.000414644,0,,,2.158271746,875801.0961,0,0
1,female,0.190809555,0.20338568,0,0,0,,,1,female,0.080695067,3.45576E-07,0.000143305,0.000430212,0,,,2.364575219,588540.6766,0,0
1,male,0.134916409,0.230799206,0,0,0,,,1,male,0.062511317,2.63529E-07,0.000137899,0.000414644,0,,,2.158271746,875801.0961,0,0
2,female,0.190809555,0.196606397,0,0,0,,,2,female,0.080695067,3.45576E-07,0.000143305,0.000430212,0,,,2.364575219,568923.3476,0,0
2,male,0.134916409,0.22310613,0,0,0,,,2,male,0.062511317,2.63529E-07,0.000137899,0.000414644,0,,,2.158271746,846608.6023,0,0
3,female,0.190809555,0.174331608,0,0,0,,,3,female,0.080695067,3.45576E-07,0.000143305,0.000430212,0,,,2.364575219,504466.4036,0,0
3,male,0.134916409,0.197828881,0,0,0,,,3,male,0.062511317,2.63529E-07,0.000137899,0.000414644,0,,,2.158271746,750690.411,0,0
4,female,0.190809555,0.154962226,0,0,0,,,4,female,0.080695067,3.45576E-07,0.000143305,0.000430212,0,,,2.364575219,448416.8863,0,0
4,male,0.134916409,0.175848664,0,0,0,,,4,male,0.062511317,2.63529E-07,0.000137899,0.000414644,0,,,2.158271746,667283.2864,0,0
5,female,0.190809555,0.130750499,0,0,0,,,5,female,0.079719985,1.5592E-07,0.000144617,0.001078114,0,,,2.393497132,838574.6389,0,0
5,male,0.134916409,0.148373393,0,0,0,,,5,male,0.061752664,1.41792E-07,0.000140416,0.00104103,0,,,2.184786866,1046419.37,0,0
6,female,0.190809555,0.101696426,0,0,0,,,6,female,0.079719985,1.5592E-07,0.000144617,0.001078114,0,,,2.393497132,652234.9388,0,0
6,male,0.134916409,0.115403069,0,0,0,,,6,male,0.061752664,1.41792E-07,0.000140416,0.00104103,0,,,2.184786866,813892.6009,0,0
7,female,0.190809555,0.074013351,0,0,0,,,7,female,0.079719985,1.5592E-07,0.000144617,0.001078114,0,,,2.393497132,474688.2005,0,0
7,male,0.134916409,0.082432725,0,0,0,,,7,male,0.061752664,1.41792E-07,0.000140416,0.00104103,0,,,2.184786866,581365.691,0,0
8,female,0.190809555,0.05254362,0,0,0,,,8,female,0.079719985,1.5592E-07,0.000144617,0.001078114,0,,,2.393497132,336991.0441,0,0
8,male,0.134916409,0.054957417,0,0,0,,,8,male,0.061752664,1.41792E-07,0.000140416,0.00104103,0,,,2.184786866,387593.1156,0,0
9,female,0.190809555,0.037287231,0,0,0,,,9,female,0.079719985,1.5592E-07,0.000144617,0.001078114,0,,,2.393497132,239143.4565,0,0
9,male,0.134916409,0.032977144,0,0,0,,,9,male,0.061752664,1.41792E-07,0.000140416,0.00104103,0,,,2.184786866,232574.8677,0,0
10,female,0.190809555,0.028244186,0,0,0,,,10,female,0.076563029,2.14561E-07,0.000146071,0.00180478,0,,,2.492189203,131637.3738,0,0
10,male,0.134916409,0.016491907,0,0,0,,,10,male,0.059551258,1.82101E-07,0.000143207,0.001750024,0,,,2.265550955,90564.71471,0,0
11,female,0.190809555,0.025414483,0,0,0,,,11,female,0.076563029,2.14561E-07,0.000146071,0.00180478,0,,,2.492189203,118449.0074,0,0
11,male,0.134916409,0.005501705,0,0,0,,,11,male,0.059551258,1.82101E-07,0.000143207,0.001750024,0,,,2.265550955,30212.41532,0,0
12,female,0.190809555,0.028798124,0,0,0,,,12,female,0.076563029,2.14561E-07,0.000146071,0.00180478,0,,,2.492189203,134219.1066,0,0
12,male,0.134916409,0.000006539,0,0,0,,,12,male,0.059551258,1.82101E-07,0.000143207,0.001750024,0,,,2.265550955,35.90868354,0,0
13,female,0.190809555,0.035653088,0,0,0,,,13,female,0.076563029,2.14561E-07,0.000146071,0.00180478,0,,,2.492189203,166167.9636,0,0
13,male,0.134916409,0.000006427,0,0,0,,,13,male,0.059551258,1.82101E-07,0.000143207,0.001750024,0,,,2.265550955,35.29363957,0,0
14,female,0.190809555,0.039766032,0,0,0,,,14,female,0.076563029,2.14561E-07,0.000146071,0.00180478,0,,,2.492189203,185337.1174,0,0
14,male,0.134916409,0.000006333,0,0,0,,,14,male,0.059551258,1.82101E-07,0.000143207,0.001750024,0,,,2.265550955,34.77744194,0,0
15,female,0.190809555,0.041136956,0,0,0,,,15,female,0.075734102,3.83622E-07,0.000209894,0.002644712,0,,,2.519466798,107233.089,0,0
15,male,0.134916409,0.000006257,0,0,0,,,15,male,0.060430607,3.73255E-07,0.00020933,0.002580591,0,,,2.232584034,16.76336074,0,0
16,female,0.190809555,0.03976586,0.000158342,0.000892954,0,,,16,female,0.075734102,3.83622E-07,0.000209894,0.002644712,0,,,2.519466798,103659.0069,0.754389393,0.337637494
16,male,0.134916409,0.000006201,0.000253843,0.001544243,0,,,16,male,0.060430607,3.73255E-07,0.00020933,0.002580591,0,,,2.232584034,16.61332907,1.212647835,0.598406675
17,female,0.190809555,0.035652745,0.000180847,0.001026348,0,,,17,female,0.075734102,3.83622E-07,0.000209894,0.002644712,0,,,2.519466798,92937.21148,0.861610051,0.388075496
17,male,0.134916409,0.000006162,0.000290439,0.001815903,0,,,17,male,0.060430607,3.73255E-07,0.00020933,0.002580591,0,,,2.232584034,16.50884272,1.387472668,0.703677126
18,female,0.190809555,0.028797609,0.000205948,0.001184202,0,,,18,female,0.075734102,3.83622E-07,0.000209894,0.002644712,0,,,2.519466798,75067.69753,0.98119884,0.447762142
18,male,0.134916409,0.000006143,0.000330845,0.002125906,0,,,18,male,0.060430607,3.73255E-07,0.00020933,0.002580591,0,,,2.232584034,16.45793912,1.580498469,0.823805801
19,female,0.190809555,0.020571475,0.00023534,0.001373407,0,,,19,female,0.075734102,3.83622E-07,0.000209894,0.002644712,0,,,2.519466798,53624.3569,1.121231258,0.519303008
19,male,0.134916409,0.000006142,0.000376059,0.002478512,0,,,19,male,0.060430607,3.73255E-07,0.00020933,0.002580591,0,,,2.232584034,16.45525998,1.796492841,0.960443483
20,female,0.190809555,0.013716364,0.000266425,0.001598845,0,,,20,female,0.074495703,5.64759E-07,0.000295451,0.003940226,0,,,2.561349801,24287.09159,0.90175626,0.405774907
20,male,0.134916409,0.000006141,0.000422273,0.002876572,0,,,20,male,0.058651666,5.75992E-07,0.000297217,0.0038798,0,,,2.300299702,10.66161567,1.42075725,0.741422773
21,female,0.190809555,0.008232274,0.000299204,0.001862555,0,,,21,female,0.074495703,5.64759E-07,0.000295451,0.003940226,0,,,2.561349801,14576.603,1.012701811,0.472702533
21,male,0.134916409,0.000006141,0.000469485,0.003321025,0,,,21,male,0.058651666,5.75992E-07,0.000297217,0.0038798,0,,,2.300299702,10.66161567,1.579604231,0.855978424
22,female,0.190809555,0.004119207,0.000333678,0.002166238,0,,,22,female,0.074495703,5.64759E-07,0.000295451,0.003940226,0,,,2.561349801,7293.737441,1.12938435,0.549775008
22,male,0.134916409,0.00000614,0.000517696,0.003812805,0,,,22,male,0.058651666,5.75992E-07,0.000297217,0.0038798,0,,,2.300299702,10.65987953,1.741812394,0.982732383
23,female,0.190809555,0.001377163,0.000369845,0.002510983,0,,,23,female,0.074495703,5.64759E-07,0.000295451,0.003940226,0,,,2.561349801,2438.494918,1.251797106,0.637268711
23,male,0.134916409,0.000006141,0.000566906,0.004352835,0,,,23,male,0.058651666,5.75992E-07,0.000297217,0.0038798,0,,,2.300299702,10.66161567,1.90738174,1.121922552
24,female,0.190809555,0.00000614,0.000407706,0.002896954,0,,,24,female,0.074495703,5.64759E-07,0.000295451,0.003940226,0,,,2.561349801,10.87188575,1.379943465,0.735225265
24,male,0.134916409,0.000006141,0.000617114,0.00494203,0,,,24,male,0.058651666,5.75992E-07,0.000297217,0.0038798,0,,,2.300299702,10.66161567,2.076308903,1.273784765
25,female,0.190809555,0.000010925,0.000449887,0.003324366,0,,,25,female,0.07406486,8.01804E-07,0.000340429,0.005529508,0,,,2.576249441,13.62552699,1.321528797,0.601204697
25,male,0.134916409,0.000009301,0.000668397,0.005581322,0,,,25,male,0.059372427,6.79275E-07,0.000343589,0.005481281,0,,,2.272374814,13.69254206,1.945338129,1.018251353
26,female,0.190809555,0.000020495,0.000494693,0.003794891,0,,,26,female,0.07406486,8.01804E-07,0.000340429,0.005529508,0,,,2.576249441,25.56111448,1.453145002,0.686298168
26,male,0.134916409,0.000015622,0.000719755,0.006271162,0,,,26,male,0.059372427,6.79275E-07,0.000343589,0.005481281,0,,,2.272374814,22.99805312,2.09481318,1.144105141
27,female,0.190809555,0.000034851,0.000542125,0.004311055,0,,,27,female,0.07406486,8.01804E-07,0.000340429,0.005529508,0,,,2.576249441,43.4657429,1.592474998,0.779645357
27,male,0.134916409,0.000025103,0.000771188,0.007011491,0,,,27,male,0.059372427,6.79275E-07,0.000343589,0.005481281,0,,,2.272374814,36.95558362,2.244506515,1.279170096
28,female,0.190809555,0.000053992,0.000592182,0.004875362,0,,,28,female,0.07406486,8.01804E-07,0.000340429,0.005529508,0,,,2.576249441,67.33816506,1.739515848,0.881699107
28,male,0.134916409,0.000037743,0.000822696,0.007802231,0,,,28,male,0.059372427,6.79275E-07,0.000343589,0.005481281,0,,,2.272374814,55.56366142,2.394418133,1.423431989
29,female,0.190809555,7.7918E-05,0.000644864,0.005490295,0,,,29,female,0.07406486,8.01804E-07,0.000340429,0.005529508,0,,,2.576249441,97.17838097,1.894267553,0.992908465
29,male,0.134916409,0.000053544,0.000874279,0.008643286,0,,,29,male,0.059372427,6.79275E-07,0.000343589,0.005481281,0,,,2.272374814,78.82523083,2.544548036,1.576873305
30,female,0.190809555,0.000106629,0.000700171,0.006158311,0,,,30,female,0.073177143,1.12982E-06,0.000367677,0.007312102,0,,,2.607502105,94.37708649,1.904309553,0.84220797
30,male,0.134916409,0.000072505,0.000925937,0.009534546,0,,,30,male,0.058610905,1.20761E-06,0.000372587,0.007283378,0,,,2.301899429,60.04004784,2.485157101,1.309082972
31,female,0.190809555,0.000134198,0.000760684,0.00688314,0,,,31,female,0.073177143,1.12982E-06,0.000367677,0.007312102,0,,,2.607502105,118.778346,2.068891468,0.941335273
31,male,0.134916409,9.1126E-05,0.000978734,0.010476421,0,,,31,male,0.058610905,1.20761E-06,0.000372587,0.007283378,0,,,2.301899429,75.45975312,2.626860952,1.438401403
32,female,0.190809555,0.000155838,0.000823777,0.007668497,0,,,32,female,0.073177143,1.12982E-06,0.000367677,0.007312102,0,,,2.607502105,137.931861,2.24049041,1.048740359
32,male,0.134916409,0.000106249,0.001032593,0.011469833,0,,,32,male,0.058610905,1.20761E-06,0.000372587,0.007283378,0,,,2.301899429,87.98282937,2.771415146,1.574795809
33,female,0.190809555,0.000171551,0.000889451,0.008516798,0,,,33,female,0.073177143,1.12982E-06,0.000367677,0.007312102,0,,,2.607502105,151.8394017,2.419109098,1.16475364
33,male,0.134916409,0.000117871,0.001087517,0.012515671,0,,,33,male,0.058610905,1.20761E-06,0.000372587,0.007283378,0,,,2.301899429,97.60679235,2.918827733,1.718388248
34,female,0.190809555,0.000181336,0.000957705,0.009430446,0,,,34,female,0.073177143,1.12982E-06,0.000367677,0.007312102,0,,,2.607502105,160.5000831,2.604744814,1.289703748
34,male,0.134916409,0.000125995,0.001143503,0.013614825,0,,,34,male,0.058610905,1.20761E-06,0.000372587,0.007283378,0,,,2.301899429,104.3341263,3.069090662,1.869300917
35,female,0.190809555,0.000185192,0.001028539,0.010411835,0,,,35,female,0.072659773,2.22793E-06,0.000409118,0.009222841,0,,,2.626068706,83.12301151,2.514038494,1.128918387
35,male,0.134916409,0.000130619,0.001200553,0.014768175,0,,,35,male,0.057443303,3.1632E-06,0.000413587,0.009218297,0,,,2.348688221,41.2933436,2.902782931,1.602050249
36,female,0.190809555,0.000183121,0.001101953,0.011463351,0,,,36,female,0.072659773,2.22793E-06,0.000409118,0.009222841,0,,,2.626068706,82.19344783,2.69348295,1.242930542
36,male,0.134916409,0.000131743,0.001258666,0.0159766,0,,,36,male,0.057443303,3.1632E-06,0.000413587,0.009218297,0,,,2.348688221,41.64868025,3.0432927,1.73314008
37,female,0.190809555,0.000183942,0.00118135,0.012588996,0,,,37,female,0.072659773,2.22793E-06,0.000409118,0.009222841,0,,,2.626068706,82.56195183,2.887551541,1.364980242
37,male,0.134916409,0.000134695,0.001316359,0.017240202,0,,,37,male,0.057443303,3.1632E-06,0.000413587,0.009218297,0,,,2.348688221,42.58191317,3.182786963,1.870215507
38,female,0.190809555,0.000193585,0.001264149,0.01379305,0,,,38,female,0.072659773,2.22793E-06,0.000409118,0.009222841,0,,,2.626068706,86.89019063,3.089935576,1.495531552
38,male,0.134916409,0.000142973,0.001372567,0.018557747,0,,,38,male,0.057443303,3.1632E-06,0.000413587,0.009218297,0,,,2.348688221,45.19888542,3.318690686,2.013142666
39,female,0.190809555,0.000212049,0.001350351,0.015078421,0,,,39,female,0.072659773,2.22793E-06,0.000409118,0.009222841,0,,,2.626068706,95.17771538,3.3006375,1.634899776
39,male,0.134916409,0.000156578,0.001427292,0.019927431,0,,,39,male,0.057443303,3.1632E-06,0.000413587,0.009218297,0,,,2.348688221,49.49991314,3.451008706,2.161725859
40,female,0.190809555,0.000239334,0.001439955,0.016447943,0,,,40,female,0.072024148,6.91774E-06,0.001413729,0.013022749,0,,,2.649244167,34.59715092,1.01855106,1.263016203
40,male,0.134916409,0.000175509,0.001480532,0.021347425,0,,,40,male,0.058016674,8.79967E-06,0.001423143,0.013043342,0,,,2.32547644,19.94494341,1.040325412,1.636653039
41,female,0.190809555,0.00027544,0.001532961,0.017904372,0,,,41,female,0.072024148,6.91774E-06,0.001413729,0.013022749,0,,,2.649244167,39.81648762,1.084338782,1.374853497
41,male,0.134916409,0.000199767,0.001532288,0.022815882,0,,,41,male,0.058016674,8.79967E-06,0.001423143,0.013043342,0,,,2.32547644,22.70163645,1.0766928,1.749235921
42,female,0.190809555,0.000320367,0.00162937,0.019450375,0,,,42,female,0.072024148,6.91774E-06,0.001413729,0.013022749,0,,,2.649244167,46.31095226,1.152533614,1.493569061
42,male,0.134916409,0.000229351,0.00158256,0.024330928,0,,,42,male,0.058016674,8.79967E-06,0.001423143,0.013043342,0,,,2.32547644,26.06357917,1.112017426,1.865390662
43,female,0.190809555,0.000367978,0.001736472,0.021092157,0,,,43,female,0.072024148,6.91774E-06,0.001413729,0.013022749,0,,,2.649244167,53.19340504,1.228292131,1.619639371
43,male,0.134916409,0.000262038,0.001648751,0.025899167,0,,,43,male,0.058016674,8.79967E-06,0.001423143,0.013043342,0,,,2.32547644,29.7781486,1.158527855,1.985623577
44,female,0.190809555,0.000409453,0.001850865,0.022837874,0,,,44,female,0.072024148,6.91774E-06,0.001413729,0.013022749,0,,,2.649244167,59.18886257,1.309207932,1.753690715
44,male,0.134916409,0.000292501,0.001732344,0.027536419,0,,,44,male,0.058016674,8.79967E-06,0.001423143,0.013043342,0,,,2.32547644,33.23998139,1.217266148,2.111147543
45,female,0.104870094,0.000444791,0.00197255,0.024694019,0,,,45,female,0.071872092,1.83471E-05,0.003090781,0.024430104,0,,,1.459121207,24.24318287,0.638204312,1.010802861
45,male,0.096024746,0.000320741,0.001833339,0.029259165,0,,,45,male,0.058636337,2.22293E-05,0.002979319,0.024289808,0,,,1.637632076,14.42876405,0.615354968,1.204586097
46,female,0.104870094,0.000473992,0.002101526,0.026667013,0,,,46,female,0.071872092,1.83471E-05,0.003090781,0.024430104,0,,,1.459121207,25.83477349,0.679933565,1.09156363
46,male,0.096024746,0.000346756,0.001951736,0.031083743,0,,,46,male,0.058636337,2.22293E-05,0.002979319,0.024289808,0,,,1.637632076,15.59906749,0.65509458,1.279703118
47,female,0.104870094,0.000497057,0.002237793,0.028763202,0,,,47,female,0.071872092,1.83471E-05,0.003090781,0.024430104,0,,,1.459121207,27.0919235,0.724021769,1.177367154
47,male,0.096024746,0.000370548,0.002087536,0.033026338,0,,,47,male,0.058636337,2.22293E-05,0.002979319,0.024289808,0,,,1.637632076,16.66936768,0.70067546,1.359678843
48,female,0.104870094,0.000513985,0.002381351,0.030988847,0,,,48,female,0.071872092,1.83471E-05,0.003090781,0.024430104,0,,,1.459121207,28.01457841,0.770468924,1.268469713
48,male,0.096024746,0.000392117,0.002240738,0.03510296,0,,,48,male,0.058636337,2.22293E-05,0.002979319,0.024289808,0,,,1.637632076,17.63966463,0.752097271,1.445172396
49,female,0.104870094,0.000548852,0.002530413,0.033348873,0,,,49,female,0.071872092,1.83471E-05,0.003090781,0.024430104,0,,,1.459121207,29.91499244,0.818696858,1.365072904
49,male,0.096024746,0.000421712,0.002417324,0.037332114,0,,,49,male,0.058636337,2.22293E-05,0.002979319,0.024289808,0,,,1.637632076,18.97101694,0.811367855,1.536945621
50,female,0.104870094,0.000607794,0.002677688,0.035843177,0,,,50,female,0.071847067,4.79062E-05,0.003776671,0.042056498,0,,,1.459629445,12.68716155,0.709007525,0.852262521
50,male,0.096024746,0.000461557,0.002599892,0.039726317,0,,,50,male,0.058771771,5.72896E-05,0.003585762,0.040995619,0,,,1.633858291,8.056556107,0.725059822,0.969038107
51,female,0.104870094,0.000690811,0.002823176,0.038467807,0,,,51,female,0.071847067,4.79062E-05,0.003776671,0.042056498,0,,,1.459629445,14.42006791,0.747530343,0.914669762
51,male,0.096024746,0.000511653,0.002788441,0.042289401,0,,,51,male,0.058771771,5.72896E-05,0.003585762,0.040995619,0,,,1.633858291,8.930990326,0.777642508,1.031559031
52,female,0.104870094,0.000797904,0.002966877,0.041218593,0,,,52,female,0.071847067,4.79062E-05,0.003776671,0.042056498,0,,,1.459629445,16.65553946,0.785579993,0.980076682
52,male,0.096024746,0.000572,0.002982972,0.045024957,0,,,52,male,0.058771771,5.72896E-05,0.003585762,0.040995619,0,,,1.633858291,9.984357497,0.831893458,1.09828704
53,female,0.104870094,0.000929073,0.003108791,0.04409113,0,,,53,female,0.071847067,4.79062E-05,0.003776671,0.042056498,0,,,1.459629445,19.39357618,0.823156474,1.048378541
53,male,0.096024746,0.000642598,0.003183484,0.047936323,0,,,53,male,0.058771771,5.72896E-05,0.003585762,0.040995619,0,,,1.633858291,11.21665762,0.887812395,1.169303555
54,female,0.104870094,0.001084317,0.003248917,0.047080773,0,,,54,female,0.071847067,4.79062E-05,0.003776671,0.042056498,0,,,1.459629445,22.63415721,0.860259523,1.119464893
54,male,0.096024746,0.000723445,0.003389978,0.051026564,0,,,54,male,0.058771771,5.72896E-05,0.003585762,0.040995619,0,,,1.633858291,12.62785579,0.945399595,1.244683341
55,female,0.101947412,0.001293094,0.003389213,0.050182861,0,,,55,female,0.071267969,0.000107896,0.003856025,0.060714793,0,,,1.430480106,11.98468615,0.878939542,0.826534334
55,male,0.096929118,0.000854444,0.003616161,0.0543039,0,,,55,male,0.058865234,0.00013674,0.003798094,0.058916266,0,,,1.646627578,6.248664192,0.952098796,0.921713199
56,female,0.101947412,0.001531329,0.003531465,0.053394026,0,,,56,female,0.071267969,0.000107896,0.003856025,0.060714793,0,,,1.430480106,14.19270173,0.91583038,0.879423669
56,male,0.096929118,0.001025344,0.00385605,0.057778888,0,,,56,male,0.058865234,0.00013674,0.003798094,0.058916266,0,,,1.646627578,7.498478937,1.015259156,0.980695009
57,female,0.101947412,0.001799021,0.003675674,0.056711906,0,,,57,female,0.071267969,0.000107896,0.003856025,0.060714793,0,,,1.430480106,16.67373142,0.953228736,0.934070647
57,male,0.096929118,0.001236144,0.004109646,0.061458727,0,,,57,male,0.058865234,0.00013674,0.003798094,0.058916266,0,,,1.646627578,9.040087763,1.08202843,1.043153804
58,female,0.101947412,0.002096171,0.003821839,0.06013378,0,,,58,female,0.071267969,0.000107896,0.003856025,0.060714793,0,,,1.430480106,19.42778448,0.991134349,0.990430454
58,male,0.096929118,0.001486845,0.004376949,0.065349828,0,,,58,male,0.058865234,0.00013674,0.003798094,0.058916266,0,,,1.646627578,10.87349798,1.15240662,1.1091984
59,female,0.101947412,0.002422778,0.003969961,0.063656555,0,,,59,female,0.071267969,0.000107896,0.003856025,0.060714793,0,,,1.430480106,22.45485164,1.02954748,1.048452146
59,male,0.096929118,0.001777446,0.004657958,0.069457749,0,,,59,male,0.058865234,0.00013674,0.003798094,0.058916266,0,,,1.646627578,12.99870228,1.226393461,1.178923135
60,female,0.101947412,0.002778843,0.004120039,0.067276769,0,,,60,female,0.070840255,0.000244052,0.005902603,0.082957758,0,,,1.439116962,11.38629021,0.698003782,0.81097622
60,male,0.096929118,0.002107947,0.004952674,0.073787143,0,,,60,male,0.058722837,0.000302209,0.006147836,0.081327019,0,,,1.650620486,6.975135786,0.805596276,0.90728941
61,female,0.101947412,0.003152471,0.004275182,0.070992416,0,,,61,female,0.070840255,0.000244052,0.005902603,0.082957758,0,,,1.439116962,12.91722839,0.724287612,0.855765846
61,male,0.096929118,0.00247843,0.005276814,0.078348928,0,,,61,male,0.058722837,0.000302209,0.006147836,0.081327019,0,,,1.650620486,8.201053341,0.858320517,0.963381285
62,female,0.101947412,0.003514204,0.004433433,0.074803086,0,,,62,female,0.070840255,0.000244052,0.005902603,0.082957758,0,,,1.439116962,14.39942689,0.751097988,0.901700911
62,male,0.096929118,0.002848995,0.00561667,0.083155314,0,,,62,male,0.058722837,0.000302209,0.006147836,0.081327019,0,,,1.650620486,9.427242231,0.913601105,1.022480783
63,female,0.101947412,0.003864043,0.004594792,0.078708321,0,,,63,female,0.070840255,0.000244052,0.005902603,0.082957758,0,,,1.439116962,15.8328898,0.778434912,0.948775894
63,male,0.096929118,0.00321964,0.005972243,0.088212725,0,,,63,male,0.058722837,0.000302209,0.006147836,0.081327019,0,,,1.650620486,10.65369584,0.971438201,1.084666894
64,female,0.101947412,0.004201986,0.00475926,0.08270765,0,,,64,female,0.070840255,0.000244052,0.005902603,0.082957758,0,,,1.439116962,17.21760893,0.806298552,0.996985116
64,male,0.096929118,0.003590367,0.006343533,0.093526889,0,,,64,male,0.058722837,0.000302209,0.006147836,0.081327019,0,,,1.650620486,11.88042078,1.031831807,1.150010049
65,female,0.109681273,0.004528035,0.004926837,0.086800605,0,,,65,female,0.070532801,0.000492553,0.009532368,0.12022055,0,,,1.55503924,9.192984484,0.516853409,0.722011379
65,male,0.110296142,0.003961175,0.006730539,0.099102817,0,,,65,male,0.058209176,0.000658583,0.010357204,0.12058255,0,,,1.894823972,6.014690681,0.649841292,0.821866987
66,female,0.109681273,0.004842189,0.005097521,0.09098672,0,,,66,female,0.070532801,0.000492553,0.009532368,0.12022055,0,,,1.55503924,9.830791579,0.534759138,0.756831674
66,male,0.110296142,0.004332064,0.007133261,0.104944785,0,,,66,male,0.058209176,0.000658583,0.010357204,0.12058255,0,,,1.894823972,6.577852523,0.688724564,0.870314859
67,female,0.109681273,0.005233967,0.005265094,0.095258892,0,,,67,female,0.070532801,0.000492553,0.009532368,0.12022055,0,,,1.55503924,10.6261938,0.552338505,0.792367795
67,male,0.110296142,0.004787842,0.00753445,0.111044507,0,,,67,male,0.058209176,0.000658583,0.010357204,0.12058255,0,,,1.894823972,7.269910736,0.727459824,0.920900304
68,female,0.109681273,0.005715265,0.005426446,0.099601115,0,,,68,female,0.070532801,0.000492553,0.009532368,0.12022055,0,,,1.55503924,11.60334283,0.569265254,0.828486603
68,male,0.110296142,0.005328427,0.007918386,0.117373937,0,,,68,male,0.058209176,0.000658583,0.010357204,0.12058255,0,,,1.894823972,8.090740808,0.764529287,0.973390735
69,female,0.109681273,0.006286081,0.005581576,0.103994755,0,,,69,female,0.070532801,0.000492553,0.009532368,0.12022055,0,,,1.55503924,12.76223463,0.585539279,0.8650331
69,male,0.110296142,0.005953819,0.008285072,0.123897018,0,,,69,male,0.058209176,0.000658583,0.010357204,0.12058255,0,,,1.894823972,9.04034274,0.799933243,1.027487128
70,female,0.109681273,0.006946417,0.005730487,0.108420493,0,,,70,female,0.069702234,0.000969739,0.011836372,0.17168086,0,,,1.573568982,7.163181084,0.484142173,0.631523474
70,male,0.110296142,0.006664018,0.008634506,0.130576922,0,,,70,male,0.057523717,0.001349627,0.01435158,0.178434414,0,,,1.917402906,4.937675544,0.601641481,0.731792254
71,female,0.109681273,0.007696271,0.005873176,0.11285838,0,,,71,female,0.069702234,0.000969739,0.011836372,0.17168086,0,,,1.573568982,7.936434402,0.496197302,0.657373106
71,male,0.110296142,0.007459024,0.008966689,0.137376176,0,,,71,male,0.057523717,0.001349627,0.01435158,0.178434414,0,,,1.917402906,5.526731829,0.624787573,0.769897313
72,female,0.109681273,0.008535645,0.006009645,0.117287905,0,,,72,female,0.069702234,0.000969739,0.011836372,0.17168086,0,,,1.573568982,8.802001205,0.507726933,0.683174031
72,male,0.110296142,0.008338837,0.009281621,0.14425682,0,,,72,male,0.057523717,0.001349627,0.01435158,0.178434414,0,,,1.917402906,6.178625496,0.646731637,0.808458507
73,female,0.109681273,0.009460278,0.006128752,0.121683448,0,,,73,female,0.069702234,0.000969739,0.011836372,0.17168086,0,,,1.573568982,9.75548753,0.517789729,0.708777019
73,male,0.110296142,0.009353238,0.009562094,0.15117014,0,,,73,male,0.057523717,0.001349627,0.01435158,0.178434414,0,,,1.917402906,6.930241565,0.666274642,0.847202827
74,female,0.109681273,0.010380652,0.006236716,0.126022128,0,,,74,female,0.069702234,0.000969739,0.011836372,0.17168086,0,,,1.573568982,10.70458195,0.526911105,0.734048793
74,male,0.110296142,0.010417419,0.00982536,0.158069702,0,,,74,male,0.057523717,0.001349627,0.01435158,0.178434414,0,,,1.917402906,7.718741911,0.684618685,0.885870042
75,female,0.111680374,0.011296766,0.00633354,0.130288962,0,,,75,female,0.068427504,0.001636458,0.013857085,0.23054717,0,,,1.632097737,6.903179101,0.457061491,0.565129305
75,male,0.109314458,0.01153138,0.010071419,0.164922148,0,,,75,male,0.05672817,0.002450894,0.017292594,0.25106741,0,,,1.92698719,4.704969539,0.582412281,0.656883935
76,female,0.111680374,0.01220862,0.006419221,0.134469607,0,,,76,female,0.068427504,0.001636458,0.013857085,0.23054717,0,,,1.632097737,7.460390915,0.463244681,0.583262883
76,male,0.109314458,0.012695121,0.01030027,0.171694761,0,,,76,male,0.05672817,0.002450894,0.017292594,0.25106741,0,,,1.92698719,5.17979267,0.595646328,0.683859212
77,female,0.111680374,0.013116215,0.006493761,0.138550379,0,,,77,female,0.068427504,0.001636458,0.013857085,0.23054717,0,,,1.632097737,8.015000158,0.468623879,0.600963261
77,male,0.109314458,0.013908643,0.010511914,0.178355587,0,,,77,male,0.05672817,0.002450894,0.017292594,0.25106741,0,,,1.92698719,5.674927168,0.607885325,0.710389242
78,female,0.111680374,0.01401955,0.006557159,0.142518259,0,,,78,female,0.068427504,0.001636458,0.013857085,0.23054717,0,,,1.632097737,8.567006218,0.473199012,0.618173968
78,male,0.109314458,0.015171944,0.01070635,0.184873548,0,,,78,male,0.05672817,0.002450894,0.017292594,0.25106741,0,,,1.92698719,6.190372217,0.619129213,0.736350242
79,female,0.111680374,0.014926476,0.006598352,0.146355737,0,,,79,female,0.068427504,0.001636458,0.013857085,0.23054717,0,,,1.632097737,9.121206651,0.476171715,0.634819057
79,male,0.109314458,0.016601001,0.010855273,0.191198333,0,,,79,male,0.05672817,0.002450894,0.017292594,0.25106741,0,,,1.92698719,6.773448106,0.627741166,0.761541823
80,female,0.111680374,0.015841251,0.006628483,0.150045347,0,,,80,female,0.066961149,0.002643922,0.018664041,0.30308377,0,,,1.667838367,5.99157281,0.35514726,0.495062296
80,male,0.109314458,0.018146032,0.010975889,0.197271314,0,,,80,male,0.055828861,0.004402417,0.022541639,0.33667232,0,,,1.95802772,4.121833889,0.4869162,0.585944559
81,female,0.111680374,0.016763877,0.006647552,0.153574812,0,,,81,female,0.066961149,0.002643922,0.018664041,0.30308377,0,,,1.667838367,6.340533941,0.356168957,0.506707476
81,male,0.109314458,0.019807036,0.011068198,0.203045864,0,,,81,male,0.055828861,0.004402417,0.022541639,0.33667232,0,,,1.95802772,4.499127535,0.491011244,0.603096399
82,female,0.111680374,0.017694352,0.006655557,0.156932469,0,,,82,female,0.066961149,0.002643922,0.018664041,0.30308377,0,,,1.667838367,6.692463767,0.356597857,0.517785789
82,male,0.109314458,0.021584016,0.0111322,0.208476729,0,,,82,male,0.055828861,0.004402417,0.022541639,0.33667232,0,,,1.95802772,4.902764891,0.493850523,0.619227411
83,female,0.111680374,0.018632677,0.0066525,0.16010726,0,,,83,female,0.066961149,0.002643922,0.018664041,0.30308377,0,,,1.667838367,7.047362667,0.356434066,0.528260751
83,male,0.109314458,0.023476969,0.011167896,0.21352022,0,,,83,male,0.055828861,0.004402417,0.022541639,0.33667232,0,,,1.95802772,5.332745276,0.495434081,0.634207826
84,female,0.111680374,0.019578852,0.006638381,0.163088738,0,,,84,female,0.066961149,0.002643922,0.018664041,0.30308377,0,,,1.667838367,7.405230641,0.355677585,0.538097893
84,male,0.109314458,0.025485897,0.011175285,0.218134387,0,,,84,male,0.055828861,0.004402417,0.022541639,0.33667232,0,,,1.95802772,5.789069144,0.495761874,0.647913042
85,female,0.102446594,0.020692387,0.006602096,0.165851557,0,,,85,female,0.065447761,0.0041143,0.022223971,0.39685357,0,,,1.565318534,5.029382676,0.297070946,0.417916253
85,male,0.109557927,0.027762359,0.01113236,0.222257848,0,,,85,male,0.054853763,0.007722901,0.024308519,0.4398593,0,,,1.997272759,3.594809675,0.457961257,0.505293052
86,female,0.102446594,0.021965431,0.00655471,0.168360531,0,,,86,female,0.065447761,0.0041143,0.022223971,0.39685357,0,,,1.565318534,5.33880205,0.294938743,0.424238419
86,male,0.109557927,0.030190382,0.01106743,0.225830955,0,,,86,male,0.054853763,0.007722901,0.024308519,0.4398593,0,,,1.997272759,3.909202287,0.455290177,0.513416347
87,female,0.102446594,0.023397986,0.006496223,0.170586101,0,,,87,female,0.065447761,0.0041143,0.022223971,0.39685357,0,,,1.565318534,5.686991328,0.292307035,0.429846457
87,male,0.109557927,0.032769965,0.010980493,0.228817417,0,,,87,male,0.054853763,0.007722901,0.024308519,0.4398593,0,,,1.997272759,4.243219649,0.451713776,0.520205932
88,female,0.102446594,0.02499005,0.006426633,0.172499337,0,,,88,female,0.065447761,0.0041143,0.022223971,0.39685357,0,,,1.565318534,6.073950025,0.289175732,0.434667469
88,male,0.109557927,0.035501108,0.010871549,0.231183408,0,,,88,male,0.054853763,0.007722901,0.024308519,0.4398593,0,,,1.997272759,4.596861761,0.447232055,0.525584904
89,female,0.102446594,0.026741625,0.006345942,0.174072178,0,,,89,female,0.065447761,0.0041143,0.022223971,0.39685357,0,,,1.565318534,6.499678625,0.285544923,0.438630747
89,male,0.109557927,0.038383811,0.010740599,0.232897847,0,,,89,male,0.054853763,0.007722901,0.024308519,0.4398593,0,,,1.997272759,4.970128624,0.441845055,0.529482603
90,female,0.102446594,0.028652709,0.00625415,0.17527769,0,,,90,female,0.063574672,0.005985269,0.025191641,0.5008987,0,,,1.611437233,4.787204632,0.248262905,0.349926422
90,male,0.109557927,0.041418075,0.010587643,0.233932682,0,,,90,male,0.054053998,0.011501851,0.025320073,0.53712322,0,,,2.026823765,3.600992283,0.418152155,0.435528895
91,female,0.102446594,0.030786762,0.006148117,0.176084535,0,,,91,female,0.063574672,0.005985269,0.025191641,0.5008987,0,,,1.611437233,5.143755505,0.24405385,0.351537217
91,male,0.109557927,0.04477571,0.010404429,0.23424504,0,,,91,male,0.054053998,0.011501851,0.025320073,0.53712322,0,,,2.026823765,3.892913569,0.410916236,0.436110433
92,female,0.102446594,0.032984274,0.006038945,0.176473284,0,,,92,female,0.063574672,0.005985269,0.025191641,0.5008987,0,,,1.611437233,5.510908909,0.23972019,0.35231332
92,male,0.109557927,0.048305154,0.010212966,0.233799642,0,,,92,male,0.054053998,0.011501851,0.025320073,0.53712322,0,,,2.026823765,4.199772365,0.403354528,0.435281205
93,female,0.102446594,0.035245245,0.005926636,0.176442359,0,,,93,female,0.063574672,0.005985269,0.025191641,0.5008987,0,,,1.611437233,5.888664843,0.235262005,0.352251581
93,male,0.109557927,0.052006409,0.010013251,0.232587761,0,,,93,male,0.054053998,0.011501851,0.025320073,0.53712322,0,,,2.026823765,4.521568844,0.395466912,0.433024961
94,female,0.102446594,0.037569675,0.005811187,0.175991841,0,,,94,female,0.063574672,0.005985269,0.025191641,0.5008987,0,,,1.611437233,6.277023307,0.230679175,0.351352162
94,male,0.109557927,0.055879475,0.009805286,0.23060529,0,,,94,male,0.054053998,0.011501851,0.025320073,0.53712322,0,,,2.026823765,4.858303006,0.387253468,0.429334055
95,female,0.102446594,0.039957564,0.005692601,0.17512356,0,,,95,female,0.063574672,0.005985269,0.025191641,0.5008987,0,,,1.611437233,6.675984301,0.22597182,0.349618715
95,male,0.109557927,0.05992435,0.00958907,0.227853239,0,,,95,male,0.054053998,0.011501851,0.025320073,0.53712322,0,,,2.026823765,5.209974677,0.378714156,0.424210369
96,female,0.102446594,0.042408912,0.005570876,0.17384117,0,,,96,female,0.063574672,0.005985269,0.025191641,0.5008987,0,,,1.611437233,7.085547826,0.22113986,0.347058537
96,male,0.109557927,0.064141036,0.009364604,0.224338245,0,,,96,male,0.054053998,0.011501851,0.025320073,0.53712322,0,,,2.026823765,5.576584032,0.369849016,0.417666258
97,female,0.102446594,0.044564461,0.00546385,0.172182493,0,,,97,female,0.063574672,0.005985269,0.025191641,0.5008987,0,,,1.611437233,7.445690184,0.216891388,0.343747135
97,male,0.109557927,0.067902605,0.009165133,0.220137647,0,,,97,male,0.054053998,0.011501851,0.025320073,0.53712322,0,,,2.026823765,5.903624362,0.361971037,0.40984571
98,female,0.102446594,0.046935565,0.005346122,0.170172405,0,,,98,female,0.063574672,0.005985269,0.025191641,0.5008987,0,,,1.611437233,7.841846793,0.212218092,0.339734172
98,male,0.109557927,0.07204033,0.008945714,0.215310655,0,,,98,male,0.054053998,0.011501851,0.025320073,0.53712322,0,,,2.026823765,6.263368648,0.353305225,0.40085896
99,female,0.102446594,0.049115166,0.005237274,0.167826736,0,,,99,female,0.063574672,0.005985269,0.025191641,0.5008987,0,,,1.611437233,8.206007683,0.207897293,0.335051251
99,male,0.109557927,0.075844178,0.008741503,0.20991263,0,,,99,male,0.054053998,0.011501851,0.025320073,0.53712322,0,,,2.026823765,6.594084822,0.345240043,0.390809078
100,female,0.102446594,0.049115166,0.005237274,0.167826736,0,,,100,female,0.063574672,0.005985269,0.025191641,0.5008987,0,,,1.611437233,8.206007683,0.207897293,0.335051251
100,male,0.109557927,0.075844178,0.008741503,0.20991263,0,,,100,male,0.054053998,0.011501851,0.025320073,0.53712322,0,,,2.026823765,6.594084822,0.345240043,0.390809078
101,female,0.102446594,0.049115166,0.005237274,0.167826736,0,,,101,female,0.063574672,0.005985269,0.025191641,0.5008987,0,,,1.611437233,8.206007683,0.207897293,0.335051251
101,male,0.109557927,0.075844178,0.008741503,0.20991263,0,,,101,male,0.054053998,0.011501851,0.025320073,0.53712322,0,,,2.026823765,6.594084822,0.345240043,0.390809078
102,female,0.102446594,0.049115166,0.005237274,0.167826736,0,,,102,female,0.063574672,0.005985269,0.025191641,0.5008987,0,,,1.611437233,8.206007683,0.207897293,0.335051251
102,male,0.109557927,0.075844178,0.008741503,0.20991263,0,,,102,male,0.054053998,0.011501851,0.025320073,0.53712322,0,,,2.026823765,6.594084822,0.345240043,0.390809078
103,female,0.102446594,0.049115166,0.005237274,0.167826736,0,,,103,female,0.063574672,0.005985269,0.025191641,0.5008987,0,,,1.611437233,8.206007683,0.207897293,0.335051251
103,male,0.109557927,0.075844178,0.008741503,0.20991263,0,,,103,male,0.054053998,0.011501851,0.025320073,0.53712322,0,,,2.026823765,6.594084822,0.345240043,0.390809078
104,female,0.102446594,0.049115166,0.005237274,0.167826736,0,,,104,female,0.063574672,0.005985269,0.025191641,0.5008987,0,,,1.611437233,8.206007683,0.207897293,0.335051251
104,male,0.109557927,0.075844178,0.008741503,0.20991263,0,,,104,male,0.054053998,0.011501851,0.025320073,0.53712322,0,,,2.026823765,6.594084822,0.345240043,0.390809078
105,female,0.102446594,0.049115166,0.005237274,0.167826736,0,,,105,female,0.063574672,0.005985269,0.025191641,0.5008987,0,,,1.611437233,8.206007683,0.207897293,0.335051251
105,male,0.109557927,0.075844178,0.008741503,0.20991263,0,,,105,male,0.054053998,0.011501851,0.025320073,0.53712322,0,,,2.026823765,6.594084822,0.345240043,0.390809078
106,female,0.102446594,0.049115166,0.005237274,0.167826736,0,,,106,female,0.063574672,0.005985269,0.025191641,0.5008987,0,,,1.611437233,8.206007683,0.207897293,0.335051251
106,male,0.109557927,0.075844178,0.008741503,0.20991263,0,,,106,male,0.054053998,0.011501851,0.025320073,0.53712322,0,,,2.026823765,6.594084822,0.345240043,0.390809078
107,female,0.102446594,0.049115166,0.005237274,0.167826736,0,,,107,female,0.063574672,0.005985269,0.025191641,0.5008987,0,,,1.611437233,8.206007683,0.207897293,0.335051251
107,male,0.109557927,0.075844178,0.008741503,0.20991263,0,,,107,male,0.054053998,0.011501851,0.025320073,0.53712322,0,,,2.026823765,6.594084822,0.345240043,0.390809078
108,female,0.102446594,0.049115166,0.005237274,0.167826736,0,,,108,female,0.063574672,0.005985269,0.025191641,0.5008987,0,,,1.611437233,8.206007683,0.207897293,0.335051251
108,male,0.109557927,0.075844178,0.008741503,0.20991263,0,,,108,male,0.054053998,0.011501851,0.025320073,0.53712322,0,,,2.026823765,6.594084822,0.345240043,0.390809078
109,female,0.102446594,0.049115166,0.005237274,0.167826736,0,,,109,female,0.063574672,0.005985269,0.025191641,0.5008987,0,,,1.611437233,8.206007683,0.207897293,0.335051251
109,male,0.109557927,0.075844178,0.008741503,0.20991263,0,,,109,male,0.054053998,0.011501851,0.025320073,0.53712322,0,,,2.026823765,6.594084822,0.345240043,0.390809078
110,female,0.102446594,0.049115166,0.005237274,0.167826736,0,,,110,female,0.063574672,0.005985269,0.025191641,0.5008987,0,,,1.611437233,8.206007683,0.207897293,0.335051251
110,male,0.109557927,0.075844178,0.008741503,0.20991263,0,,,110,male,0.054053998,0.011501851,0.025320073,0.53712322,0,,,2.026823765,6.594084822,0.345240043,0.390809078
